Number,Original file,Renamed file
1,WhatsApp Image 2026-10-03 at 3.17.46 PM.jpeg,1.jpeg
2,WhatsApp Image 2026-10-03 at 3.46.51 PM.jpeg,2.jpeg
3,WhatsApp Unknown 2026-10-03 at 3.36.50 PM/WhatsApp Image 2026-10-03 at 3.18.31 PM.jpeg,WhatsApp Unknown 2026-10-03 at 3.36.50 PM/3.jpeg
4,WhatsApp Unknown 2026-10-03 at 3.36.50 PM/WhatsApp Image 2026-10-03 at 3.18.32 PM (1).jpeg,WhatsApp Unknown 2026-10-03 at 3.36.50 PM/4.jpeg
5,WhatsApp Unknown 2026-10-03 at 3.36.50 PM/WhatsApp Image 2026-10-03 at 3.18.32 PM (2).jpeg,WhatsApp Unknown 2026-10-03 at 3.36.50 PM/5.jpeg
6,WhatsApp Unknown 2026-10-03 at 3.36.50 PM/WhatsApp Image 2026-10-03 at 3.18.32 PM.jpeg,WhatsApp Unknown 2026-10-03 at 3.36.50 PM/6.jpeg
7,WhatsApp Unknown 2026-10-03 at 3.36.57 PM/WhatsApp Image 2026-10-03 at 3.16.20 PM (1).jpeg,WhatsApp Unknown 2026-10-03 at 3.36.57 PM/7.jpeg
8,WhatsApp Unknown 2026-10-03 at 3.36.57 PM/WhatsApp Image 2026-10-03 at 3.16.20 PM.jpeg,WhatsApp Unknown 2026-10-03 at 3.36.57 PM/8.jpeg
9,WhatsApp Unknown 2026-10-03 at 3.36.57 PM/WhatsApp Image 2026-10-03 at 3.16.21 PM (1).jpeg,WhatsApp Unknown 2026-10-03 at 3.36.57 PM/9.jpeg
10,WhatsApp Unknown 2026-10-03 at 3.36.57 PM/WhatsApp Image 2026-10-03 at 3.16.21 PM.jpeg,WhatsApp Unknown 2026-10-03 at 3.36.57 PM/10.jpeg
11,WhatsApp Unknown 2026-10-03 at 3.36.57 PM/WhatsApp Image 2026-10-03 at 3.16.22 PM (1).jpeg,WhatsApp Unknown 2026-10-03 at 3.36.57 PM/11.jpeg
12,WhatsApp Unknown 2026-10-03 at 3.36.57 PM/WhatsApp Image 2026-10-03 at 3.16.22 PM.jpeg,WhatsApp Unknown 2026-10-03 at 3.36.57 PM/12.jpeg
13,WhatsApp Unknown 2026-10-03 at 3.37.02 PM/WhatsApp Image 2026-10-03 at 3.36.53 PM.jpeg,WhatsApp Unknown 2026-10-03 at 3.37.02 PM/13.jpeg
14,WhatsApp Unknown 2026-10-03 at 3.37.02 PM/WhatsApp Image 2026-10-03 at 3.36.54 PM (1).jpeg,WhatsApp Unknown 2026-10-03 at 3.37.02 PM/14.jpeg
15,WhatsApp Unknown 2026-10-03 at 3.37.02 PM/WhatsApp Image 2026-10-03 at 3.36.54 PM.jpeg,WhatsApp Unknown 2026-10-03 at 3.37.02 PM/15.jpeg
